USE gymdb;
#DROP TABLE `MEMBER`;
#DROP TABLE `WORKOUTLOG`;
#DROP TABLE `EXERCISE`;

CREATE TABLE `MEMBER`
(
	`MEM_ID` INT NOT NULL COMMENT '회원ID',
    `MEM_NM` VARCHAR(20) NOT NULL COMMENT '회원이름',
    `MEM_DATE` DATE COMMENT '가입일',
	PRIMARY KEY (MEM_ID)
);
INSERT INTO MEMBER(MEM_ID, MEM_NM, MEM_DATE)VALUES (100, '테스트', STR_TO_DATE('25/01/01', '%y/%m/%d'));
INSERT INTO MEMBER(MEM_ID, MEM_NM, MEM_DATE)VALUES (101, '김동일', STR_TO_DATE('25/05/06', '%y/%m/%d'));
INSERT INTO MEMBER(MEM_ID, MEM_NM, MEM_DATE)VALUES (102, '김종기', STR_TO_DATE('25/06/06', '%y/%m/%d'));
INSERT INTO MEMBER(MEM_ID, MEM_NM, MEM_DATE)VALUES (103, '김옹철', STR_TO_DATE('25/06/06', '%y/%m/%d'));
INSERT INTO MEMBER(MEM_ID, MEM_NM, MEM_DATE)VALUES (104, '김은희', STR_TO_DATE('25/06/06', '%y/%m/%d'));
INSERT INTO MEMBER(MEM_ID, MEM_NM, MEM_DATE)VALUES (105, '김재식', STR_TO_DATE('25/06/06', '%y/%m/%d'));
INSERT INTO MEMBER(MEM_ID, MEM_NM, MEM_DATE)VALUES (106, '김중하', STR_TO_DATE('25/06/06', '%y/%m/%d'));
INSERT INTO MEMBER(MEM_ID, MEM_NM, MEM_DATE)VALUES (107, '김이유', STR_TO_DATE('25/06/06', '%y/%m/%d'));
INSERT INTO MEMBER(MEM_ID, MEM_NM, MEM_DATE)VALUES (108, '김나라', STR_TO_DATE('25/06/06', '%y/%m/%d'));
INSERT INTO MEMBER(MEM_ID, MEM_NM, MEM_DATE)VALUES (109, '김스트', STR_TO_DATE('25/06/06', '%y/%m/%d'));


CREATE TABLE `WORKOUTLOG`
(
	`MEM_ID` INT NOT NULL COMMENT '회원ID',
    `LOG_ID` INT NOT NULL COMMENT '로그ID',
    `LOG_DATE` DATE COMMENT '운동일',
    `LOG_INTIME` TIME COMMENT '입실시간',
    `LOG_OUTTIME` TIME COMMENT '퇴실시간',
	PRIMARY KEY (LOG_ID),
    FOREIGN KEY (MEM_ID) REFERENCES MEMBER (MEM_ID)
);
INSERT INTO WORKOUTLOG(MEM_ID,LOG_ID,LOG_DATE,LOG_INTIME,LOG_OUTTIME)VALUES (100, 001, STR_TO_DATE('25/08/07', '%y/%m/%d'), '10:00:00', '11:00:00');
INSERT INTO WORKOUTLOG(MEM_ID,LOG_ID,LOG_DATE,LOG_INTIME,LOG_OUTTIME)VALUES (100, 002, STR_TO_DATE('25/08/07', '%y/%m/%d'), '10:00:00', '11:00:00');
INSERT INTO WORKOUTLOG(MEM_ID,LOG_ID,LOG_DATE,LOG_INTIME,LOG_OUTTIME)VALUES (101, 003, STR_TO_DATE('25/08/07', '%y/%m/%d'), '15:00:00', '16:00:00');
INSERT INTO WORKOUTLOG(MEM_ID,LOG_ID,LOG_DATE,LOG_INTIME,LOG_OUTTIME)VALUES (102, 004, STR_TO_DATE('25/08/07', '%y/%m/%d'), '21:00:00', '22:00:00');
INSERT INTO WORKOUTLOG(MEM_ID,LOG_ID,LOG_DATE,LOG_INTIME,LOG_OUTTIME)VALUES (103, 005, STR_TO_DATE('25/08/07', '%y/%m/%d'), '21:00:00', '22:00:00');
INSERT INTO WORKOUTLOG(MEM_ID,LOG_ID,LOG_DATE,LOG_INTIME,LOG_OUTTIME)VALUES (104, 006, STR_TO_DATE('25/08/07', '%y/%m/%d'), '21:00:00', '22:00:00');
INSERT INTO WORKOUTLOG(MEM_ID,LOG_ID,LOG_DATE,LOG_INTIME,LOG_OUTTIME)VALUES (105, 007, STR_TO_DATE('25/08/07', '%y/%m/%d'), '21:00:00', '22:00:00');
INSERT INTO WORKOUTLOG(MEM_ID,LOG_ID,LOG_DATE,LOG_INTIME,LOG_OUTTIME)VALUES (106, 008, STR_TO_DATE('25/08/07', '%y/%m/%d'), '21:00:00', '22:00:00');

CREATE TABLE `EXERCISE`
(
	`LOG_ID` INT NOT NULL COMMENT '로그ID',
    `EXR_ID` INT NOT NULL COMMENT '운동ID',
    `EXR_SET` INT COMMENT '세트',
    `EXR_CNT` INT COMMENT '횟수',
	PRIMARY KEY (EXR_ID),
    FOREIGN KEY (LOG_ID) REFERENCES WORKOUTLOG (LOG_ID)
);
INSERT INTO EXERCISE(LOG_ID,EXR_ID,EXR_SET,EXR_CNT)VALUES(001,1,5,10);
INSERT INTO EXERCISE(LOG_ID,EXR_ID,EXR_SET,EXR_CNT)VALUES(002,2,5,10);
INSERT INTO EXERCISE(LOG_ID,EXR_ID,EXR_SET,EXR_CNT)VALUES(003,3,5,10);
INSERT INTO EXERCISE(LOG_ID,EXR_ID,EXR_SET,EXR_CNT)VALUES(004,4,5,10);
INSERT INTO EXERCISE(LOG_ID,EXR_ID,EXR_SET,EXR_CNT)VALUES(005,5,5,10);
INSERT INTO EXERCISE(LOG_ID,EXR_ID,EXR_SET,EXR_CNT)VALUES(006,6,5,10);
INSERT INTO EXERCISE(LOG_ID,EXR_ID,EXR_SET,EXR_CNT)VALUES(007,7,5,10);
SELECT * FROM MEMBER;
SELECT * FROM WORKOUTLOG;
SELECT * FROM EXERCISE;